no_reg,battery_power,clock_speed,four_g,int_memory,m_dep,price_range,n_cores,wifi,pc,px_height,touch_screen,px_width,ram,talk_time,three_g
1,1757,0.5,N,49,,1,6,NO,14,265,N,713,2056,4,N
2,1866,1.4,N,30,,3,3,NO,0,108,N,1781,3834,8,N
3,617,2.3,N,32,,1,7,NO,20,768,N,874,2213,7,N
4,1356,2.8,N,29,,3,6,NO,0,1612,N,1983,3702,19,N
5,1049,2.2,N,63,,0,5,NO,17,199,N,1077,1022,13,N
6,1488,0.5,N,39,,3,5,NO,6,1528,N,1647,3054,19,N
7,1210,0.5,N,63,,2,5,NO,0,1177,N,1462,2394,7,N
8,1707,1.4,N,41,,2,7,NO,2,1331,N,1388,1774,10,N
9,809,0.8,N,21,,1,7,NO,19,1453,N,1726,1274,3,N
10,1007,2,N,45,,3,5,NO,2,1186,N,1529,3648,16,N
11,1178,1.3,N,49,,2,5,NO,0,579,N,596,2511,17,N
12,601,2.1,N,26,,0,4,NO,18,509,N,548,918,12,N
13,1949,1.8,N,20,,1,5,NO,4,518,N,592,1125,9,N
14,1832,0.7,N,2,,2,7,NO,6,186,N,654,2978,18,N
15,1269,1.3,N,52,,1,2,NO,15,1597,N,1920,665,5,N
16,612,0.7,N,35,,2,5,NO,12,1294,N,1337,3169,6,N
17,1719,2,N,12,,0,8,NO,7,240,N,904,462,5,N
18,600,0.5,N,14,,0,5,NO,2,320,N,747,1655,9,N
19,1315,2.6,N,64,,2,7,NO,16,59,N,575,3278,13,N
20,1945,1.6,N,21,,3,3,NO,10,280,N,895,3015,15,N
21,1438,1.8,N,16,,2,8,NO,7,859,N,867,2246,15,N
22,1878,0.5,N,29,,1,8,NO,19,210,N,1026,1334,2,N
23,642,2.8,N,34,,2,2,NO,15,331,N,1011,3355,13,N
24,1829,1.7,N,36,,1,5,NO,1,291,N,563,1475,7,N
25,1062,1.5,N,45,,0,3,NO,4,798,N,1435,911,9,N
26,874,1.3,N,8,,0,1,NO,20,442,N,1248,582,15,N
27,1991,1.8,N,9,,1,3,NO,12,751,N,1377,1511,9,N
28,1444,2.1,N,38,,3,7,NO,16,624,N,917,3764,10,N
29,1008,2.5,N,36,,1,1,NO,14,825,N,1972,1083,6,N
30,1371,0.5,N,52,,2,4,NO,19,471,N,663,3034,8,N
31,1949,1.4,N,57,,0,7,NO,11,951,N,1178,356,19,N
32,1076,2.5,N,14,,1,5,NO,4,545,N,1300,2043,14,N
33,1542,2.3,N,43,,3,2,NO,11,346,N,966,3601,16,N
34,1250,1.4,N,44,,1,7,NO,20,703,N,1011,1882,14,N
35,627,1.8,N,20,,0,3,NO,8,211,N,507,896,14,N
36,1820,1.4,N,51,,2,7,NO,10,202,N,1884,2481,11,N
37,875,0.7,N,23,,0,7,NO,7,300,N,1316,756,6,N
38,1702,1,N,36,,2,5,NO,9,1240,N,1931,1430,10,N
39,1159,1.5,N,36,,2,4,NO,8,717,N,1206,2115,18,N
40,1423,0.6,N,44,,1,5,NO,13,501,N,640,2253,9,N
41,541,2.3,N,51,,0,8,NO,17,1012,N,1226,403,12,N
42,1550,2.7,N,32,,2,7,NO,5,1541,N,1619,1571,14,N
43,1237,2.5,N,13,,2,4,NO,12,18,N,1004,2528,16,N
44,1617,2.6,N,29,,3,6,NO,20,283,N,676,3685,18,N
45,1883,1.6,N,24,,3,1,NO,16,203,N,915,3563,3,N
46,1562,0.7,N,55,,2,8,NO,1,1032,N,1776,2096,3,N
47,826,0.6,N,62,,1,4,NO,19,778,N,1615,1998,17,N
48,535,1.9,N,24,,0,8,NO,19,398,N,1775,524,4,N
49,1673,1.6,N,42,,2,5,NO,6,214,N,679,3094,20,N
50,722,1.1,N,12,,1,6,NO,20,138,N,1371,2359,3,N
51,683,2.1,N,30,,1,7,NO,8,927,N,1135,2066,15,N
52,1872,1.9,N,35,,3,3,NO,14,1546,N,1879,2419,19,N
53,1063,2,N,27,,2,6,NO,7,201,N,582,2668,19,N
54,586,2.8,N,15,,1,3,NO,11,241,N,854,2592,3,N
55,842,2.2,N,7,,1,2,YES,2,20,N,756,2549,19,N
56,1412,2.4,N,25,,1,8,YES,17,516,N,1894,837,4,N
57,1659,2.8,N,16,,3,1,YES,20,819,N,902,3255,9,N
58,1213,0.5,N,16,,2,5,YES,0,226,N,1248,2700,9,N
59,685,0.5,N,29,,0,7,YES,10,433,N,648,728,4,N
60,1265,1.5,N,49,,1,5,YES,16,690,N,836,1362,12,N
61,823,0.5,N,39,,0,8,YES,4,630,N,888,294,11,N
62,1530,2,N,42,,0,6,YES,13,454,N,1975,725,19,N
63,618,2.1,N,6,,0,1,YES,4,1314,N,1688,1051,15,N
64,1058,1.5,N,19,,0,4,YES,14,493,N,1247,418,16,N
65,902,0.7,N,3,,3,7,YES,9,675,N,1285,3411,15,N
66,1968,0.9,N,22,,2,3,YES,7,861,N,1259,2323,7,N
67,1615,0.5,N,15,,3,4,YES,16,622,N,1256,3488,3,N
68,581,2.2,N,59,,2,5,YES,6,803,N,1613,2819,9,N
69,1606,1.4,N,57,,3,4,YES,4,1127,N,1924,3454,20,N
70,1168,1.3,N,61,,3,8,YES,10,159,N,1578,3173,17,N
71,1271,0.5,N,32,,0,7,YES,15,1350,N,1949,445,14,N
72,934,1.1,N,24,,0,5,YES,12,1111,N,1463,1017,9,N
73,1263,0.5,N,64,,1,5,YES,18,178,N,1883,1183,17,N
74,1430,0.9,N,56,,0,3,YES,5,569,N,906,752,17,N
75,920,0.5,N,46,,2,3,YES,3,1058,N,1421,2608,2,N
76,781,1.1,N,38,,3,5,YES,7,304,N,1674,3508,5,N
77,1310,1.4,N,33,,1,1,YES,14,806,N,1016,1301,19,N
78,696,0.5,N,51,,1,3,YES,8,649,N,907,2630,9,N
79,503,2.5,N,57,,0,6,YES,11,778,N,1291,305,16,N
80,1512,0.5,N,52,,2,1,YES,14,333,N,952,3002,7,N
81,1722,1,N,25,,3,6,YES,19,1179,N,1638,2376,19,N
82,854,0.5,N,30,,2,8,YES,,518,N,1152,2889,11,N
83,1800,3,N,,,0,1,YES,,191,N,1108,656,18,N
84,1584,1.3,N,,,1,4,YES,,160,N,1291,1561,17,N
85,1910,1.7,N,,,0,2,YES,,985,N,1284,309,10,N
86,1270,2.3,N,,,3,5,YES,,1512,N,1716,3299,16,N
87,683,0.7,N,19,,2,4,YES,,954,N,1985,2622,5,N
88,1000,0.5,N,63,,3,8,YES,,1537,N,1761,3744,7,N
89,1414,2.6,N,27,,0,4,YES,,804,N,1564,312,8,N
90,1930,2,N,16,,2,8,YES,,1901,N,1920,1783,13,N
91,1215,1,N,16,,2,4,YES,,454,N,1473,2632,15,N
92,1240,1.6,N,39,,3,2,YES,,1511,N,1756,3260,17,N
93,1053,2.9,N,42,,0,6,YES,,419,N,1261,1339,14,N
94,769,1.2,N,17,,1,8,YES,4,1384,N,1454,1877,11,N
95,1766,1.3,N,29,,2,8,YES,20,439,N,1306,2316,6,N
96,1447,0.5,N,40,,0,2,YES,5,963,N,1062,471,20,N
97,1404,2.1,N,44,,1,1,YES,20,1703,N,1880,1196,5,N
98,1412,0.6,N,57,,1,3,YES,10,2,N,660,1853,18,N
99,1179,0.8,N,5,,0,5,YES,17,913,N,1429,543,18,N
100,865,2.9,N,16,,3,4,YES,12,335,N,1009,3494,14,N
101,1307,1.8,N,7,,1,7,YES,3,897,N,1103,1412,5,N
102,1670,3,N,62,,3,8,YES,20,1117,N,1330,3024,20,N
103,1945,1.2,N,26,,3,6,YES,5,1064,N,1540,3322,20,N
104,1083,2,N,41,,1,5,YES,5,937,N,1164,1543,10,N
105,1783,0.5,N,14,,2,8,YES,11,910,N,1566,1816,7,N
106,869,1.9,N,2,,2,7,YES,3,519,N,533,3249,12,N
107,508,1.3,N,50,,1,5,YES,9,102,N,1195,2175,14,N
108,1936,1.3,N,44,,1,3,YES,3,570,N,1021,1400,3,N
109,579,2.5,N,7,,2,8,YES,10,808,N,1517,2908,11,N
110,1052,0.9,N,6,,0,4,YES,16,1191,N,1839,552,11,N
111,868,0.9,N,5,,0,4,YES,7,40,N,1311,1519,2,N
112,1837,0.5,N,36,,0,4,YES,20,786,N,872,770,15,N
113,1361,1.4,N,47,,2,5,YES,2,881,N,1382,2495,16,N
114,1396,0.6,N,37,,2,4,YES,15,560,N,1177,2694,19,N
115,1522,2.2,N,21,,3,6,YES,11,533,N,1696,3767,16,N
116,1454,2.6,N,6,,1,3,YES,20,698,N,1018,1300,2,N
117,769,2.9,N,9,,3,5,NO,1,248,N,874,3946,7,N
118,596,2.1,N,64,,3,8,NO,15,885,N,1854,3238,10,N
119,657,2.5,N,37,,0,2,NO,1,476,S,961,1412,18,N
120,1551,1.1,N,51,,3,5,NO,6,1738,S,1995,3844,4,N
121,767,1.5,N,28,,0,4,NO,10,344,S,1517,527,15,N
122,1595,2.6,N,12,,3,8,NO,19,344,S,655,3608,16,N
123,916,2.6,N,36,,0,4,NO,12,188,S,992,1470,14,N
124,1036,2.4,N,39,,1,7,NO,3,373,S,926,2101,2,N
125,1860,2.3,N,23,,3,4,NO,16,1362,S,1506,3918,8,N
126,912,2,N,54,,1,8,NO,5,329,S,1053,2330,20,N
127,1469,2.1,N,8,,0,7,NO,0,398,S,1133,1052,3,N
128,710,0.5,N,32,,0,5,NO,9,485,S,857,1419,18,N
129,1486,2.6,N,52,,0,4,NO,15,1430,S,1747,297,15,N
130,1717,1.3,N,62,,3,1,NO,3,609,S,810,3226,5,N
131,817,1.3,N,11,,1,3,NO,11,722,S,766,2039,19,N
132,771,0.5,N,25,,0,4,NO,6,327,S,922,770,20,N
133,915,1.1,N,56,,0,8,NO,17,532,S,1448,905,12,N
134,911,2.9,N,46,,0,5,NO,1,461,S,670,363,17,N
135,972,1.3,N,44,,3,7,NO,10,297,S,589,3925,7,N
136,825,1.5,N,38,,0,3,NO,18,540,S,783,716,14,N
137,1550,2.5,N,21,,2,2,NO,11,268,S,832,2338,15,N
138,1428,1.6,N,7,,1,4,NO,2,584,S,983,1808,13,N
139,1597,2.3,N,34,,0,1,NO,14,64,S,1667,934,9,N
140,686,0.5,N,3,,0,6,NO,15,1109,S,1392,570,19,N
141,950,0.5,N,55,,0,5,NO,,774,S,843,1095,13,N
142,1122,2.8,N,28,,1,3,NO,,1578,S,1963,1402,3,N
143,531,1.1,N,63,,2,7,NO,,145,S,1903,2958,19,N
144,1043,0.5,N,42,,0,3,NO,,716,S,1626,912,6,N
145,530,2.6,N,40,,0,6,NO,,818,S,1090,1229,2,N
146,1018,2.2,N,16,,3,8,NO,,992,S,1433,3143,20,N
147,618,0.6,N,16,,2,1,NO,,1105,S,1602,2262,4,N
148,1413,1.7,N,10,,2,6,NO,,314,S,1606,2867,15,N
149,530,2.4,N,32,,0,6,NO,,48,S,1012,959,6,N
150,1874,0.6,N,19,,1,2,NO,,1238,S,1418,1218,17,N
151,808,1.9,N,20,,0,,NO,14,496,S,974,1471,11,N
152,796,0.5,N,12,,0,,NO,8,174,S,518,1075,2,N
153,771,2.9,N,62,,1,,NO,8,1709,S,1781,1628,6,N
154,1805,0.5,N,29,,1,,NO,2,758,S,891,1276,17,N
155,688,2.5,N,40,,1,,NO,20,376,S,1957,1382,8,N
156,602,0.9,N,50,,2,,NO,18,1571,S,1717,2189,16,N
157,510,2.6,N,33,,1,,NO,10,1052,S,1897,1693,5,N
158,1015,0.8,N,12,,1,,NO,14,335,S,679,2293,2,N
159,1070,3,N,19,,2,,NO,16,90,S,1614,2647,20,N
160,1211,1.2,N,28,,2,,NO,3,58,S,963,2750,14,N
161,999,1.7,N,49,,1,,NO,17,608,S,1970,1598,8,N
162,1880,2,N,35,,2,,NO,14,930,S,1983,1930,15,N
163,1830,0.5,N,7,,2,,NO,12,460,S,1583,2334,14,N
164,1807,2.9,N,16,,3,,NO,0,1221,S,1415,2921,17,N
165,628,1.8,N,60,,1,,NO,6,1047,S,1534,1337,14,N
166,1786,1.2,N,61,,3,,NO,14,74,S,865,3033,17,N
167,1189,1.9,N,7,,0,,NO,20,79,S,615,841,11,N
168,1142,1.2,N,2,,1,,NO,0,623,S,769,1747,14,N
169,1367,2.9,N,56,,0,,NO,6,36,S,642,299,10,N
170,1405,1.7,N,8,,2,,NO,7,284,S,1036,2376,11,N
171,1784,1.6,N,41,,2,,NO,20,610,S,1437,2313,11,N
172,682,0.5,N,19,,1,,YES,11,902,S,1064,2337,18,N
173,1514,2.9,N,27,,1,,YES,1,186,S,1810,1152,20,N
174,1101,1.8,N,31,,1,,YES,7,387,S,1269,2196,19,N
175,1216,3,N,47,,2,,YES,7,1852,S,1967,2268,4,N
176,1082,0.8,N,38,,2,,YES,5,986,S,1191,2337,17,N
177,1689,1.8,N,24,,3,,YES,18,954,S,1200,2766,7,N
178,1995,0.5,N,26,,1,,YES,15,649,S,1104,1322,7,N
179,662,0.5,N,20,,1,,YES,10,1001,S,1224,2125,15,N
180,1604,1.7,N,33,,0,,YES,5,134,S,939,916,12,N
181,1108,2.9,N,52,,3,,YES,12,130,S,1706,3264,13,N
182,560,0.5,N,23,,1,,YES,15,356,S,1903,2360,18,N
183,1681,2.5,N,11,,0,,YES,13,195,S,1205,1122,16,N
184,1846,0.6,N,19,,1,,YES,2,83,S,773,1333,11,N
185,723,1.9,N,30,,2,,YES,7,1467,S,1901,2339,17,N
186,1290,0.5,N,3,,1,,YES,4,600,S,1109,1214,15,N
187,1362,0.5,N,25,,0,,YES,,553,S,1505,995,18,N
188,1156,0.5,N,61,,1,,YES,,1214,S,1262,1796,13,N
189,1807,2.1,N,49,,2,,YES,,337,S,1384,1906,13,N
190,554,1.3,N,12,,2,,YES,,85,S,806,3764,4,N
191,967,1.6,N,25,,2,,YES,,243,S,1642,3076,18,N
192,807,0.5,N,8,,0,,YES,,667,S,697,1284,2,N
193,805,0.7,N,64,,0,,YES,,641,S,704,418,17,N
194,833,2.2,N,27,,1,,YES,,359,S,1395,2150,7,N
195,1918,2.8,N,22,,1,,YES,,381,S,1203,1369,6,N
196,1132,1,N,8,,1,,YES,,1091,S,1293,1950,6,N
197,1005,0.5,N,46,,3,,YES,,176,S,1556,3884,20,N
198,1027,2.2,N,63,,1,,YES,,152,S,714,1732,13,N
199,1359,0.6,N,59,,3,,YES,,1692,S,1902,3142,17,N
200,1777,3,N,20,,3,,YES,,511,S,616,3868,7,N
201,1696,1.7,N,13,,0,,YES,,179,S,772,523,4,N
202,576,1.2,N,30,,2,,YES,,847,S,893,2800,16,N
203,1960,2.1,N,7,,3,,YES,,868,S,877,3773,6,N
204,1659,2.5,N,41,,0,,YES,,787,S,1515,545,9,N
205,1827,0.8,N,61,,3,,YES,,253,S,1764,2693,7,N
206,808,2.3,N,45,,3,,YES,,526,S,1324,3431,13,N
207,1732,0.8,N,61,,3,,YES,,201,S,656,3940,20,N
208,1039,2.7,N,56,,2,,YES,,497,S,618,3105,5,N
209,582,0.5,N,32,,2,,YES,,1043,S,1702,2977,20,N
210,740,1.8,N,12,,0,,YES,,935,S,1147,1105,19,N
211,1602,0.6,N,58,,3,,YES,,1259,S,1746,3622,17,N
212,912,0.7,N,47,,0,,YES,,724,S,794,1321,6,N
213,714,0.5,N,30,,1,,YES,,643,S,1527,2302,10,N
214,1581,1,N,41,,1,,YES,,693,S,850,1384,2,N
215,1450,2.1,N,31,,1,,YES,,1573,S,1639,794,9,N
216,1342,2.8,N,50,,2,,YES,,127,S,620,2644,11,N
217,1776,2.2,N,20,,3,,YES,,1563,S,1803,2671,12,N
218,513,1.9,N,27,,2,,YES,,282,S,710,3400,13,N
219,1362,2.9,N,47,,3,,YES,,600,S,1042,3629,5,N
220,1751,2.5,N,4,,1,,YES,,1499,S,1952,1155,12,N
221,1174,0.9,N,30,,0,,YES,,744,S,1244,804,16,N
222,765,2.5,N,44,,2,,YES,,1364,S,1851,2256,19,N
223,1492,1.5,N,11,,3,,YES,7,1684,S,1746,2259,19,N
224,594,2.6,N,27,,0,,YES,2,407,S,528,708,17,N
225,1685,0.6,N,16,,0,,YES,15,120,S,1429,881,17,N
226,1571,2.9,N,30,,0,,YES,3,805,S,956,586,4,N
227,1205,2.7,N,10,,0,,YES,10,321,S,1870,953,20,N
228,1035,2.7,N,40,,3,,YES,15,757,S,1912,3548,5,N
229,748,1.4,N,25,,1,,YES,14,88,S,709,1974,13,N
230,1547,2.9,N,57,,1,,YES,3,347,S,957,1620,19,N
231,1760,1.4,N,63,,2,,NO,19,1382,S,1383,2053,16,N
232,615,2.5,N,10,,2,,NO,9,1216,N,1786,2769,11,Y
233,1445,0.5,N,53,,0,,NO,14,386,N,836,1099,20,Y
234,1815,2.8,N,33,,1,,NO,17,607,N,748,1482,2,Y
235,1709,2.1,N,13,,3,,NO,2,974,N,1385,3283,15,Y
236,644,2.7,N,22,,0,,NO,3,311,N,881,1262,15,Y
237,1008,0.8,N,61,,1,,NO,15,1077,N,1122,2009,11,Y
238,593,0.5,N,31,,1,,NO,7,1233,N,1317,1692,7,Y
239,543,0.5,N,57,,1,,NO,4,391,N,984,,15,Y
240,1657,2.4,N,42,,3,,NO,16,1770,N,1796,,14,Y
241,909,1.4,N,53,,2,,NO,0,635,N,973,3187,4,Y
242,1778,0.5,N,15,,1,,NO,0,1445,N,1954,1214,14,Y
243,1165,2.4,N,41,,0,,NO,12,564,N,831,764,15,Y
244,1472,2.3,N,61,,2,,NO,19,710,N,1052,2677,8,Y
245,1126,0.7,N,49,,3,,NO,17,114,N,1726,3739,13,Y
246,1712,1.4,N,63,,3,,NO,12,747,N,1126,3652,19,Y
247,954,0.5,N,50,,0,,NO,11,228,N,1058,438,2,Y
248,777,2.6,N,30,,3,,NO,17,189,N,1143,3886,7,Y
249,1853,1,N,23,,3,,NO,15,202,N,1951,2775,17,Y
250,1663,0.5,N,40,,1,,NO,15,951,N,1545,1336,15,Y
251,1175,0.6,N,25,,2,,NO,12,137,N,1501,3153,12,Y
252,1645,1.8,N,21,,0,,NO,2,897,N,1308,783,20,Y
253,568,2,N,36,,0,,NO,4,181,N,1703,950,9,Y
254,600,0.5,N,48,,2,,NO,7,501,N,1465,3393,8,Y
255,1108,1,N,49,,3,,NO,12,1298,N,1666,3254,16,Y
256,1741,1.8,N,14,,3,,NO,0,730,N,1895,3387,3,Y
257,1149,2.2,N,30,,3,,NO,5,1617,N,1675,3755,8,Y
258,1204,2.6,N,10,,1,,NO,3,480,N,1482,1724,19,Y
259,880,1.7,N,6,,2,,NO,19,632,N,660,3006,3,Y
260,1986,0.5,N,51,,3,,NO,9,342,N,774,3165,13,Y
261,1578,2.9,N,3,,3,,NO,20,342,N,670,3483,16,Y
262,1372,2.7,N,34,,0,,NO,17,687,N,937,725,20,Y
263,868,1.7,N,30,,1,,NO,0,276,N,1026,1653,17,Y
264,816,0.5,N,14,,0,,NO,13,149,N,558,1018,15,Y
265,965,0.5,N,53,,2,,NO,19,297,N,653,3227,8,Y
266,1881,2.2,N,51,,1,,NO,7,477,N,1553,1229,14,Y
267,1694,1.8,N,53,,2,,NO,0,1194,N,1208,1653,6,Y
268,1632,1.4,N,41,,2,,NO,1,706,N,1623,2614,15,Y
269,1057,2.1,N,5,,3,,NO,13,416,N,1055,3705,13,Y
270,1408,2.5,N,32,,3,,NO,6,875,N,982,3162,3,Y
271,1330,1.1,N,37,,2,,NO,20,1103,N,1637,2166,4,Y
272,1245,0.6,N,30,,2,,NO,3,330,N,1434,2676,7,Y
273,1747,0.5,N,13,,3,,NO,12,800,N,873,3105,10,Y
274,1097,1.4,N,60,,0,,NO,17,405,N,519,509,12,Y
275,871,0.6,N,52,,0,,NO,3,194,N,1437,437,17,Y
276,1429,0.6,N,42,,1,,NO,9,670,N,1552,1817,16,Y
277,1071,2.6,N,49,,3,,NO,5,1328,N,1970,3393,7,Y
278,1163,1.9,N,2,,1,,NO,20,919,N,1076,1568,19,Y
279,1242,2.4,N,28,,0,,NO,9,315,N,1796,318,19,Y
280,1689,0.5,N,9,,2,,NO,15,467,N,675,2637,3,Y
281,742,2.3,N,21,,0,,NO,1,875,N,925,,7,Y
282,1762,0.7,N,60,,1,,NO,10,643,N,790,1380,14,Y
283,1335,3,N,60,,3,,NO,4,83,N,559,3615,9,Y
284,1994,0.7,N,5,,2,,NO,7,86,N,1546,1836,18,Y
285,1325,1.9,N,50,,2,,NO,10,499,N,695,2328,2,Y
286,1273,0.7,N,23,,0,,NO,14,485,N,1399,558,13,Y
287,1765,1.1,N,11,,3,,NO,7,835,N,1175,3695,18,Y
288,1851,2.9,N,53,,2,,NO,,174,N,1175,2678,8,Y
289,1862,1.5,N,62,,1,,NO,,386,N,1046,1017,9,Y
290,1358,1.7,N,60,,0,,NO,,889,N,1635,440,13,Y
291,925,2.1,N,56,,2,,NO,,1262,N,1520,2466,5,Y
292,1786,2.6,N,14,,3,,NO,,616,N,912,3038,14,Y
293,1043,2.7,N,29,,0,,NO,,887,N,893,1183,8,Y
294,1220,2.8,N,54,,0,,NO,,383,N,1249,1037,15,Y
295,1193,2.3,N,20,,2,,NO,,1442,N,1904,1958,2,Y
296,965,1.4,N,13,,2,,NO,,645,N,1275,2343,15,Y
297,689,1.4,N,45,,3,,NO,,256,N,823,3585,10,Y
298,719,2.9,N,6,,0,,NO,,405,N,1141,841,2,Y
299,635,0.5,N,16,,2,,NO,,599,N,1299,2452,8,Y
300,803,2.1,N,17,,2,,YES,,344,N,1440,2680,4,Y
301,851,0.5,N,21,,0,,YES,,1171,N,1263,478,10,Y
302,1347,2.9,N,44,,2,,YES,,434,N,967,2484,11,Y
303,1193,0.9,N,26,,0,,YES,,730,N,1729,536,4,Y
304,1539,2.6,N,41,,2,,YES,,1112,N,1666,2107,10,Y
305,1133,1.4,N,42,,1,,YES,,730,N,1543,1457,20,Y
306,1330,0.5,N,38,,1,,YES,,1290,N,1441,1733,11,Y
307,957,2.5,N,7,,1,,YES,,1201,N,1485,1846,7,Y
308,1722,2.6,N,18,,3,,YES,,865,N,1741,3271,15,Y
309,1329,1,N,52,,1,,YES,,1053,N,1458,1228,6,Y
310,775,2.6,N,30,,2,,YES,,561,N,1510,2523,9,Y
311,1899,0.6,N,26,,0,,YES,,96,N,814,336,4,Y
312,1479,0.5,N,19,,3,,YES,,180,N,1476,3323,6,Y
313,685,2.7,N,17,,0,,YES,,725,N,870,1223,18,Y
314,1337,0.5,N,31,,1,,YES,,48,N,644,2180,16,Y
315,1872,2.3,N,44,,2,,YES,,459,N,1259,1955,15,Y
316,1217,0.5,N,17,,1,,YES,,628,N,632,1711,9,Y
317,1974,1,N,24,,0,,YES,,250,N,545,861,6,Y
318,557,1.6,N,24,,0,,YES,,1131,N,1315,1305,3,Y
319,1914,0.7,N,35,,1,,YES,,942,N,1701,643,8,Y
320,675,2.3,N,60,,0,,YES,,192,N,757,1735,13,Y
321,1348,1.3,N,43,,3,,YES,,204,N,501,3914,8,Y
322,1331,1.6,N,16,,1,,YES,,1109,N,1226,1026,20,Y
323,829,0.5,N,56,,0,,YES,,91,N,1916,820,11,Y
324,969,2.4,N,45,,0,,YES,,491,N,589,404,19,Y
325,787,0.5,N,11,,2,,YES,,806,N,1423,2934,14,Y
326,1907,2,N,55,,0,,YES,,713,N,1513,286,17,Y
327,1742,1.6,N,49,,2,,YES,,1134,N,1469,1947,6,Y
328,805,0.8,N,34,,3,,YES,,1262,N,1538,3647,9,Y
329,1331,0.5,N,55,,1,,YES,,1162,N,1531,1732,11,Y
330,1106,1.9,N,54,,2,,YES,,614,N,1212,2674,9,Y
331,1587,0.5,N,50,,0,,YES,,299,N,874,461,4,Y
332,1109,2.1,N,34,,2,,YES,,165,N,1103,2821,17,Y
333,1375,2.9,N,20,,3,,YES,7,596,N,679,3847,12,Y
334,1972,1.6,N,48,,3,,YES,2,290,N,804,2872,11,Y
335,1770,2.3,N,9,,3,,YES,5,1098,N,1373,3785,14,Y
336,729,2,N,14,,2,,YES,2,563,N,1055,3397,17,Y
337,1166,0.5,N,59,,3,,YES,11,437,N,638,3887,7,Y
338,1676,1.6,N,37,,2,,YES,3,134,N,1197,2515,4,Y
339,634,0.8,N,41,,3,,YES,12,1362,N,1853,3242,4,Y
340,1641,1.1,N,48,,2,,YES,7,224,N,1994,1695,17,Y
341,1619,0.9,N,20,,0,,YES,9,813,N,1180,464,16,Y
342,1849,0.5,N,29,,3,,YES,12,978,N,1986,3330,15,Y
343,1855,0.5,N,32,,3,,YES,18,267,N,1161,3933,7,Y
344,946,1.4,N,26,,0,,YES,10,273,N,891,1637,6,Y
345,730,1.5,N,,,2,,YES,15,1371,N,1677,2787,7,Y
346,1027,0.8,N,,,0,,YES,11,338,N,534,1234,14,Y
347,1157,0.8,N,,,3,,YES,8,1694,N,1798,2885,2,Y
348,1859,0.5,N,,,1,,NO,7,1004,N,1654,1067,10,Y
349,725,1.3,N,,,1,,NO,17,1134,N,1249,1326,15,Y
350,1723,1.1,N,42,,3,,NO,14,202,N,1791,3587,3,Y
351,1484,3,N,12,,1,,NO,5,916,S,969,1457,20,Y
352,1502,1.2,N,54,,3,,NO,12,65,S,588,3693,16,Y
353,596,1.4,N,46,,1,,NO,18,953,S,984,,15,Y
354,640,0.6,N,20,,2,,NO,15,710,S,1179,2844,18,Y
355,1937,1.7,N,58,,3,,NO,19,1728,S,1767,3321,14,Y
356,1117,0.5,N,12,,2,,NO,8,798,S,817,2895,16,Y
357,914,0.9,N,4,,0,,NO,12,191,S,1495,808,5,Y
358,1128,1.4,N,53,,3,,NO,14,609,S,1370,2982,12,Y
359,1225,2.4,N,15,,1,,NO,0,840,S,982,1970,15,Y
360,1059,2.4,N,61,,3,,NO,18,1613,S,1916,3716,11,Y
361,726,2.9,N,43,,0,,NO,0,666,S,760,1446,8,Y
362,1519,2.1,N,32,,2,,NO,10,168,S,1239,2912,15,Y
363,1170,1.2,N,30,,0,,NO,15,27,S,1722,1073,8,Y
364,1536,0.8,N,13,,2,,NO,20,22,S,1634,2020,16,Y
365,675,2.4,N,42,,2,,NO,2,482,S,874,2953,13,Y
366,1822,1.2,N,8,,2,,NO,0,172,S,910,2577,8,Y
367,798,2.4,N,4,,2,,NO,9,526,S,643,2965,14,Y
368,1224,1.6,N,33,,3,,NO,18,522,S,563,3796,13,Y
369,623,2,N,6,,2,,NO,4,144,S,672,3657,19,Y
370,1497,0.7,N,32,,2,,NO,9,1920,S,1933,1329,7,Y
371,1549,0.5,N,8,,2,,NO,7,721,S,1514,1998,15,Y
372,989,2,N,17,,3,,NO,19,256,S,1394,3892,19,Y
373,1589,2.6,N,46,,2,,NO,16,618,S,940,2373,20,Y
374,1175,1.3,N,19,,1,,NO,9,873,S,1394,1944,9,Y
375,1095,0.5,N,45,,0,,NO,5,179,S,1247,560,10,Y
376,1189,2.3,N,8,,0,,NO,14,379,S,932,893,13,Y
377,1344,1.5,N,14,,1,,NO,3,419,S,556,2074,5,Y
378,831,2.4,N,55,,0,,NO,12,172,S,1239,1075,3,Y
379,1923,1.3,N,24,,2,,NO,4,874,S,1264,2479,15,Y
380,1193,3,N,56,,2,,NO,17,674,S,864,2394,14,Y
381,1300,0.5,N,62,,0,,NO,7,219,S,1037,874,10,Y
382,718,2.8,N,59,,1,,NO,13,1185,S,1387,1824,3,Y
383,1528,2.4,N,37,,0,,NO,3,306,S,564,733,14,Y
384,987,2.3,N,17,,3,,NO,17,887,S,1274,3885,14,Y
385,1972,2.9,N,14,,1,,NO,18,293,S,952,1316,8,Y
386,1998,1.2,N,31,,2,,NO,19,50,S,1356,2311,18,Y
387,1021,1.3,N,9,,1,,NO,12,901,S,1793,1355,14,Y
388,1811,2.9,N,33,,3,,NO,2,1099,S,1553,2610,13,Y
389,1987,1.9,N,50,,1,,NO,18,960,S,1925,857,6,Y
390,1796,2.3,N,44,,3,,NO,11,1024,S,1363,3577,4,Y
391,1150,2.7,N,39,,0,,NO,1,397,S,800,999,11,Y
392,603,1.5,N,12,,1,,NO,20,1003,S,1284,1543,19,Y
393,1063,1.5,N,3,,1,,NO,10,394,S,849,1919,20,Y
394,733,0.8,N,16,,2,,NO,12,202,S,1787,2648,19,Y
395,1110,0.6,N,42,,0,,NO,2,1179,S,1262,456,18,Y
396,1604,1.2,N,6,,3,,NO,15,68,S,1042,3564,2,Y
397,502,0.8,N,52,,2,,NO,8,281,S,1159,2666,20,Y
398,1902,0.5,N,13,,1,,NO,11,766,S,877,940,15,Y
399,1125,2.7,N,23,,1,,NO,14,774,S,939,1641,12,Y
400,1002,1.8,N,45,,0,,NO,7,948,S,1007,1234,18,Y
401,1699,0.5,N,21,,1,,NO,20,105,S,1099,1181,18,Y
402,1207,0.5,N,58,,0,,NO,0,406,S,681,503,5,Y
403,1615,2.8,N,9,,2,,NO,13,542,S,678,2948,3,Y
404,955,0.5,N,2,,1,,NO,10,428,S,1254,1974,18,Y
405,1913,1.8,N,29,,2,,NO,4,675,S,742,2023,8,Y
406,858,2.2,N,50,,3,,NO,2,528,S,1416,3978,3,Y
407,775,1,N,46,,0,,YES,16,862,S,1864,568,11,Y
408,1568,0.5,N,33,,0,,YES,20,413,S,654,508,6,Y
409,1038,1.2,N,43,,3,,YES,5,4,S,638,3709,12,Y
410,1137,1,N,7,,3,,YES,19,942,S,1179,3616,12,Y
411,1775,1.5,N,41,,3,,YES,7,1633,S,1869,2343,14,Y
412,645,0.5,N,41,,2,,YES,10,327,S,580,2962,4,Y
413,609,0.5,N,26,,1,,YES,4,938,S,1948,1866,14,Y
414,1799,0.5,N,49,,0,,YES,2,632,S,1383,720,11,Y
415,1918,1.9,N,10,,2,,YES,10,1170,S,1543,1717,16,Y
416,1220,2.9,N,62,,2,,YES,8,403,S,1933,2589,15,Y
417,1995,1.9,N,9,,2,,YES,18,1830,S,1963,1203,18,Y
418,1348,2,N,52,,1,,YES,20,1869,S,1942,955,7,Y
419,1482,0.5,N,48,,2,,YES,10,634,S,642,2971,12,Y
420,1654,1.8,N,11,,1,,YES,2,1184,S,1719,1070,14,Y
421,932,1.3,N,64,,3,,YES,2,1176,S,1224,3817,9,Y
422,1512,1.7,N,6,,2,,YES,17,205,S,884,2335,7,Y
423,1433,1.6,N,4,,0,,YES,11,281,S,799,258,4,Y
424,1122,1.2,N,2,,2,,YES,14,331,S,790,3291,13,Y
425,1579,1.5,N,27,,1,,YES,18,831,S,1484,1713,10,Y
426,1066,1.6,N,39,,2,,YES,17,401,S,1586,2728,17,Y
427,1661,1.4,N,29,,0,,YES,0,536,S,861,591,9,Y
428,1780,0.5,N,27,,3,,YES,11,1331,S,1463,2776,14,Y
429,1185,1.9,N,31,,2,,YES,7,837,S,1642,2447,3,Y
430,561,1,N,11,,2,,YES,10,492,S,1176,3421,5,Y
431,701,0.7,N,15,,1,,YES,11,1002,S,1256,1756,17,Y
432,1519,2.9,N,30,,2,,YES,8,1122,S,1702,2440,10,Y
433,1892,0.7,N,47,,2,,YES,10,1399,S,1564,2172,3,Y
434,1422,1,N,3,,0,,YES,17,1,S,926,509,3,Y
435,1444,0.6,N,48,,3,,YES,17,1092,S,1554,2540,15,Y
436,959,1.7,N,13,,2,,YES,16,87,S,736,3328,10,Y
437,559,0.5,N,11,,1,,YES,14,541,S,823,2019,16,Y
438,818,1.3,N,43,,0,,YES,15,111,S,510,546,7,Y
439,1576,2.6,N,58,,0,,YES,16,400,S,631,336,13,Y
440,1809,0.5,N,23,,3,,YES,19,433,S,1661,2784,20,Y
441,688,1.5,N,2,,0,,YES,2,271,S,869,391,8,Y
442,741,1.5,N,14,,0,,YES,13,334,S,594,1886,9,Y
443,514,0.7,N,57,,0,,YES,7,168,S,1320,687,20,Y
444,1266,2.6,N,18,,0,,YES,2,1187,S,1595,398,3,Y
445,1910,1.4,N,29,,2,,YES,2,333,S,639,2944,2,Y
446,1100,1.6,N,15,,0,,YES,14,919,S,1344,757,16,Y
447,708,1.9,N,26,,0,,YES,1,206,S,620,1419,16,Y
448,1177,0.9,N,11,,1,,YES,7,945,S,1923,1887,11,Y
449,1263,2,N,5,,2,,YES,3,954,S,1609,1958,4,Y
450,1237,0.5,N,27,,2,,YES,5,274,S,603,2454,8,Y
451,1083,1,N,52,,0,,YES,20,925,S,1469,681,19,Y
452,1928,2.6,N,5,,0,,YES,16,229,S,1004,696,15,Y
453,712,0.5,N,27,,1,,YES,11,1245,S,1309,2001,12,Y
454,948,2.3,N,22,,3,,YES,20,257,S,1654,3499,19,Y
455,908,2.1,N,44,,3,,YES,2,154,S,941,3518,7,Y
456,1638,1,N,2,,2,,YES,11,440,S,563,2299,9,Y
457,761,0.5,N,3,,2,,YES,15,1325,S,1945,2248,15,Y
458,881,1,N,64,,1,,YES,6,115,S,636,2110,6,Y
459,1162,1,N,50,,1,,YES,10,332,S,866,1404,15,Y
460,1317,1.5,N,12,,0,,YES,9,431,S,542,425,11,Y
461,940,2.9,N,16,,1,,YES,1,499,S,1090,2192,9,Y
462,848,2.8,N,8,,0,,YES,3,7,S,1294,436,15,Y
463,1232,1.2,N,30,,1,,YES,14,625,S,761,1656,15,Y
464,1982,1.1,N,24,,3,,YES,16,764,S,1873,3511,15,Y
465,1136,1.6,N,32,,3,,YES,19,961,S,1030,3210,8,Y
466,1565,0.5,N,38,,0,,YES,1,781,S,1364,308,7,Y
467,1576,2.2,N,5,,3,,YES,17,258,S,789,3904,7,Y
468,504,1,N,14,,0,,YES,9,881,S,1129,1607,10,Y
469,1961,1.5,N,55,,3,,YES,20,861,S,1888,2355,6,Y
470,936,1,N,18,,2,,YES,18,1330,S,1686,2391,3,Y
471,1830,0.5,N,14,,2,,YES,6,773,S,1353,1905,19,Y
472,1327,2.8,N,23,,0,,YES,16,441,S,1721,872,4,Y
473,1589,0.6,N,5,,3,,YES,2,776,S,1397,3430,19,Y
474,1753,0.7,N,40,,1,,YES,11,1652,S,1983,1112,15,Y
475,1201,0.5,N,10,,0,,YES,7,306,S,558,495,14,Y
476,1829,2.1,N,59,,3,,YES,15,1457,S,1919,3142,5,Y
477,1467,0.5,N,18,,3,,YES,0,888,S,1099,3962,5,Y
478,1131,0.5,N,49,,1,,NO,18,658,S,878,1835,16,Y
479,772,1.1,N,39,,3,,NO,14,1314,S,1854,2819,3,Y
480,560,0.5,N,50,,2,,NO,,1448,S,1613,2150,11,Y
481,605,1,Y,9,,0,,NO,,160,N,1026,392,4,Y
482,1665,0.5,Y,60,,2,,NO,,1572,N,1684,1601,14,Y
483,1883,0.5,Y,10,,3,,NO,,836,N,1739,2600,20,Y
484,1166,2,Y,25,,2,,NO,,59,N,1203,2488,15,Y
485,506,1.6,Y,41,,2,,NO,,875,N,1025,2965,15,Y
486,1692,2.1,Y,61,,1,,NO,,975,N,1996,1354,19,Y
487,748,1.7,Y,27,,1,,NO,,450,N,1554,2126,7,Y
488,1572,0.6,Y,58,,3,,NO,,1109,N,1937,2462,10,Y
489,703,2.7,Y,30,,0,,NO,,218,N,1065,1472,7,Y
490,1266,0.5,Y,5,,2,,NO,,1365,N,1698,1687,18,Y
491,822,0.5,Y,51,,3,,NO,,667,N,860,3846,3,Y
492,1891,2.8,Y,37,,3,,NO,,169,N,1108,3704,11,Y
493,973,1.5,Y,57,,2,,NO,,457,N,1816,2977,2,Y
494,1431,0.5,Y,56,,0,,NO,,156,N,952,461,8,Y
495,1733,2.8,Y,36,,3,,NO,,357,N,527,3576,9,Y
496,1172,1.9,Y,27,,1,,NO,,607,N,1092,1477,6,Y
497,1162,2,Y,56,,1,,NO,,56,N,997,1652,20,Y
498,1177,0.9,Y,29,,0,,NO,,178,N,882,311,19,Y
499,508,0.8,Y,42,,0,,NO,,39,N,557,663,7,Y
500,654,1.3,Y,52,,1,,NO,,1715,N,1898,1036,13,Y
501,869,1,Y,57,,2,,NO,,1243,N,1584,2727,8,Y
502,1182,0.5,Y,8,,2,,NO,,275,N,986,2563,19,Y
503,1334,2.4,Y,42,,3,,NO,,1187,N,1974,2542,8,Y
504,625,1.9,Y,33,,2,,NO,,431,N,550,3801,2,Y
505,1880,1.8,Y,18,,3,,NO,,71,N,699,3333,7,Y
506,1138,1.4,Y,44,,3,,NO,,111,N,1138,3475,3,Y
507,1503,0.7,Y,43,,2,,NO,,841,N,1304,2122,2,Y
508,1589,2.5,Y,51,,2,,NO,,810,N,1743,2612,16,Y
509,1583,1.6,Y,42,,3,,NO,10,275,N,862,3652,9,Y
510,1128,1.1,Y,46,,1,,NO,10,751,N,1582,1434,11,Y
511,1552,1.2,Y,53,,2,,NO,18,430,N,658,2606,12,Y
512,1758,0.5,Y,13,,2,,NO,14,762,N,1864,1897,15,Y
513,1137,2.2,Y,3,,0,,NO,7,1250,N,1285,316,17,Y
514,1835,2.3,Y,11,,0,,NO,13,385,N,583,448,14,Y
515,1993,0.5,Y,27,,2,,NO,11,150,N,510,2437,9,Y
516,1715,1.9,Y,3,,0,,NO,6,79,N,1652,514,13,Y
517,723,0.5,Y,3,,1,,NO,3,920,N,1748,1851,16,Y
518,1027,0.5,Y,64,,3,,NO,7,1698,N,1747,3786,12,Y
519,658,2.7,Y,12,,3,,NO,3,1156,N,1750,3587,20,Y
520,986,1.5,Y,23,,1,,NO,3,471,N,800,2385,19,Y
521,1744,1,Y,20,,1,,NO,3,68,N,718,1205,14,Y
522,1702,2.3,Y,52,,3,,NO,15,1397,N,1491,2501,4,Y
523,550,0.5,Y,23,,0,,NO,17,486,N,1930,302,8,Y
524,1042,2.2,Y,11,,2,,NO,16,68,N,1018,2826,2,Y
525,1592,2.1,Y,50,,1,,NO,17,510,N,522,2103,7,Y
526,1614,1.9,Y,55,,3,,NO,17,860,N,1330,3914,13,Y
527,1628,0.5,Y,33,,3,,NO,8,412,N,643,3361,13,Y
528,571,0.6,Y,43,,1,,NO,8,224,N,783,2587,18,Y
529,1068,1.3,Y,52,,1,,NO,7,994,N,1500,1436,15,Y
530,1498,0.7,Y,8,,3,,NO,4,347,N,1076,3358,19,Y
531,712,1.6,Y,9,,3,,NO,14,881,N,1234,3612,4,Y
532,904,1.8,Y,35,,0,,NO,4,42,N,507,1360,11,Y
533,1531,2,Y,60,,2,,NO,1,625,N,765,2524,7,Y
534,1048,1.5,Y,29,,1,,NO,4,29,N,1670,2146,2,Y
535,1861,0.9,Y,55,,1,,NO,8,1698,N,1877,601,4,Y
536,1345,3,Y,38,,1,,NO,11,512,N,1465,1322,15,Y
537,1778,0.5,Y,23,,3,,NO,11,1028,N,1445,3941,13,Y
538,1130,2.5,Y,58,,0,,NO,14,88,N,1261,1018,16,Y
539,606,2.5,Y,53,,0,,NO,2,465,N,1152,1223,7,Y
540,1869,2.6,Y,30,,1,,NO,13,163,N,874,1375,19,Y
541,605,1.5,Y,18,,1,,NO,14,329,N,656,2301,8,Y
542,1709,0.8,Y,58,,2,,NO,10,956,N,1292,1781,17,Y
543,846,2.6,Y,58,,2,,NO,15,1140,N,1983,2248,13,Y
544,1154,2,Y,35,,3,,NO,16,1003,N,1827,3262,16,Y
545,1871,2.1,Y,41,,3,,NO,5,275,N,1966,2727,11,Y
546,1285,2.4,Y,51,,1,,NO,2,475,N,500,2094,10,Y
547,1744,2.8,Y,62,,0,,NO,0,621,N,1558,345,14,Y
548,894,0.7,Y,58,,2,,NO,3,158,N,747,3305,2,Y
549,1487,0.5,Y,57,,2,,NO,12,140,N,768,2563,14,Y
550,1426,2.5,Y,55,,2,,NO,7,777,N,1032,2562,3,Y
551,676,2.2,Y,39,,1,,NO,5,864,N,1011,2064,6,Y
552,1824,0.8,Y,19,,2,,NO,5,1055,N,1738,2381,5,Y
553,1426,1.6,Y,12,,1,,NO,16,1573,N,1694,1277,5,Y
554,991,2,Y,12,,2,,NO,6,1209,N,1678,2014,10,Y
555,1724,1.8,Y,9,,3,,NO,1,655,N,828,3056,6,Y
556,1644,2.8,Y,44,,2,,NO,0,358,N,791,2360,19,Y
557,664,1.5,Y,6,,3,,NO,19,1076,N,1472,3774,18,Y
558,1142,1.1,Y,6,,1,,NO,0,739,N,1766,1273,6,Y
559,1901,0.5,Y,41,,0,,NO,17,3,N,1662,368,12,Y
560,1988,0.5,Y,16,,3,,NO,1,153,N,696,3144,14,Y
561,1469,0.5,Y,58,,2,,NO,8,1699,N,1850,1571,2,Y
562,1708,0.8,Y,14,,1,,NO,16,263,N,1345,1247,16,Y
563,1414,0.5,Y,15,,0,,NO,0,294,N,1233,1069,14,Y
564,1924,0.5,Y,63,,3,,NO,10,122,N,686,3423,19,Y
565,1726,1.9,Y,42,,2,,NO,3,1221,N,1804,1868,6,Y
566,672,0.5,Y,35,,0,,NO,17,574,N,1267,1403,6,Y
567,1352,2.4,Y,6,,1,,NO,9,629,N,1299,1309,14,Y
568,630,2,Y,14,,0,,NO,13,66,N,1448,1212,12,Y
569,599,2.9,Y,64,,2,,NO,1,103,N,646,3396,7,Y
570,867,1.5,Y,57,,1,,NO,0,289,N,724,2157,18,Y
571,1368,0.5,Y,42,,1,,NO,20,907,N,925,1590,14,Y
572,1517,2.5,Y,8,,2,,NO,18,570,N,1645,2738,12,Y
573,963,0.5,Y,60,,2,,NO,3,742,N,821,2722,16,Y
574,671,2.9,Y,2,,2,,NO,19,614,N,1617,2278,2,Y
575,1110,1.5,Y,12,,0,,NO,5,961,N,1950,624,15,Y
576,1897,1.9,Y,54,,0,,NO,7,630,N,738,412,2,Y
577,1864,2.2,Y,7,,2,,NO,2,225,N,1545,2258,10,Y
578,1000,2.7,Y,58,,0,,NO,12,461,N,833,862,20,Y
579,1208,2.9,Y,16,,1,,NO,19,691,N,1028,2201,12,Y
580,1003,2.9,Y,16,,1,,NO,19,190,N,1905,1798,10,Y
581,1487,1.5,Y,42,,2,,NO,7,857,N,989,2003,3,Y
582,854,1,Y,17,,2,,NO,9,730,N,1148,3115,2,Y
583,1521,1.6,Y,62,,3,,NO,9,678,N,1630,3555,19,Y
584,1958,0.5,Y,52,,3,,NO,14,1524,N,1848,3064,3,Y
585,1922,0.5,Y,42,,3,,NO,16,725,N,1882,3564,17,Y
586,1831,2.3,Y,44,,2,,NO,14,437,N,1113,2460,18,Y
587,753,0.5,Y,48,,3,,NO,20,606,N,1316,3484,16,Y
588,574,3,Y,30,,0,,NO,3,94,N,1334,1167,19,Y
589,636,0.5,Y,28,,2,,NO,15,148,N,742,2927,3,Y
590,1830,1,Y,47,,3,,NO,11,1191,N,1882,3362,11,Y
591,1494,1.9,Y,47,,3,,NO,9,207,N,1177,3202,14,Y
592,713,1.6,Y,63,,1,,NO,8,103,N,1760,2082,12,Y
593,665,0.7,Y,31,,0,,NO,2,496,N,1804,690,15,Y
594,623,0.8,Y,26,,1,,NO,12,484,N,1238,1769,16,Y
595,616,2.2,Y,21,,2,,NO,4,347,N,513,3267,19,Y
596,648,1.8,Y,60,,0,,NO,4,931,N,1811,819,4,Y
597,914,0.7,Y,60,,3,,NO,4,740,N,840,3736,5,Y
598,1179,0.5,Y,32,,0,,NO,12,85,N,1451,340,16,Y
599,1619,1.9,Y,21,,1,,NO,9,46,N,562,1641,13,Y
600,1494,1.6,Y,45,,3,,NO,4,449,N,790,3208,4,Y
601,759,2.5,Y,39,,0,,NO,8,110,N,1317,968,2,Y
602,1176,2.1,Y,62,,1,,NO,10,674,N,1455,1534,17,Y
603,1588,2.5,Y,4,,2,,NO,20,146,N,822,2506,11,Y
604,1279,2.5,Y,7,,1,,NO,6,560,N,1633,1150,7,Y
605,1191,0.8,Y,46,,0,,NO,9,42,N,807,824,7,Y
606,1483,2.2,Y,53,,1,,NO,11,291,N,651,1744,10,Y
607,1614,1.2,Y,9,,1,,NO,2,173,N,1219,1832,11,Y
608,1617,2.4,Y,36,,0,,NO,9,743,N,1426,296,7,Y
609,1821,1.7,Y,10,,3,,YES,10,381,N,1018,3220,18,Y
610,1866,0.5,Y,52,,0,,YES,17,356,N,563,373,3,Y
611,838,0.5,Y,13,,3,,YES,4,984,N,1850,3554,19,Y
612,1407,2.4,Y,22,,2,,YES,4,1172,N,1217,2192,13,Y
613,879,2.5,Y,14,,0,,YES,15,403,N,1105,349,2,Y
614,1732,1.1,Y,12,,1,,YES,9,824,N,881,1308,11,Y
615,1804,0.5,Y,22,,3,,YES,19,1158,N,1244,3472,20,Y
616,637,2.3,Y,60,,0,,YES,4,1125,N,1989,374,8,Y
617,1308,1.9,Y,61,,3,,YES,7,59,N,1215,3355,4,Y
618,1703,0.5,Y,22,,0,,YES,0,286,N,1235,1046,13,Y
619,1087,1.3,Y,16,,0,,YES,9,295,N,589,690,6,Y
620,1886,0.5,Y,24,,1,,YES,1,809,N,1958,1179,20,Y
621,538,0.8,Y,2,,0,,YES,13,235,N,662,417,9,Y
622,1839,1.2,Y,54,,1,,YES,11,475,N,1493,927,18,Y
623,659,2.7,Y,6,,1,,YES,7,1054,N,1929,2044,2,Y
624,768,0.9,Y,56,,0,,YES,20,418,N,515,952,16,Y
625,1170,0.9,Y,14,,0,,YES,13,474,N,709,715,20,Y
626,1698,2.1,Y,18,,0,,YES,20,363,N,994,796,14,Y
627,1867,2.3,Y,9,,1,,YES,3,712,N,1442,990,2,Y
628,667,0.6,Y,3,,2,,YES,13,13,N,1463,2855,19,Y
629,609,3,Y,44,,1,,YES,16,58,N,1253,2581,15,Y
630,1187,2.2,Y,46,,3,,YES,9,1173,N,1814,3917,8,Y
631,1809,1.7,Y,59,,2,,YES,4,639,N,721,2324,16,Y
632,1504,1.5,Y,34,,2,,YES,15,507,N,973,2806,7,Y
633,755,2.8,Y,51,,2,,YES,12,315,N,990,2734,16,Y
634,1755,1.3,Y,24,,3,,YES,2,286,N,1075,3937,7,Y
635,1048,0.9,Y,28,,1,,YES,19,966,N,1975,1458,15,Y
636,1421,2.8,Y,57,,3,,YES,2,781,N,1657,2775,14,Y
637,972,1.7,Y,54,,1,,YES,4,681,N,1050,1900,19,Y
638,1417,2.7,Y,56,,0,,YES,4,494,N,1649,590,6,Y
639,1476,0.5,Y,43,,3,,YES,2,1789,N,1972,3644,6,Y
640,1773,2.5,Y,32,,3,,YES,18,1215,N,1472,3566,13,Y
641,1417,0.5,Y,45,,1,,YES,19,364,N,1029,2129,12,Y
642,1589,1.4,Y,26,,3,,YES,16,1673,N,1759,3970,18,Y
643,1164,1,Y,19,,3,,YES,18,729,N,1704,3309,3,Y
644,1658,1.4,Y,39,,3,,YES,5,410,N,522,3483,15,Y
645,1919,1.5,Y,48,,1,,YES,6,304,N,1191,1391,12,Y
646,501,2.3,Y,54,,1,,YES,19,504,N,1089,2346,2,Y
647,1063,1.1,Y,26,,3,,YES,2,1208,N,1232,3809,5,Y
648,966,0.6,Y,50,,2,,YES,10,1446,N,1754,2574,5,Y
649,706,0.5,Y,31,,1,,YES,19,543,N,938,2419,4,Y
650,1403,2.7,Y,26,,3,,YES,3,461,N,1251,3371,9,Y
651,1648,0.5,Y,17,,1,,YES,3,1119,N,1238,1184,2,Y
652,1996,2.5,Y,51,,2,,YES,9,671,N,1445,2236,12,Y
653,1849,2.3,Y,15,,3,,YES,19,606,N,1123,3447,19,Y
654,576,0.8,Y,27,,1,,YES,4,757,N,1518,1519,8,Y
655,1160,1.1,Y,63,,0,,YES,2,762,N,859,595,15,Y
656,1520,0.5,Y,24,,3,,YES,8,109,N,1909,3233,4,Y
657,1800,0.7,Y,8,,3,,YES,6,400,N,823,3481,8,Y
658,1439,0.9,Y,20,,1,,YES,17,626,N,932,1790,15,Y
659,1852,1.4,Y,10,,3,,YES,18,580,N,1163,3970,11,Y
660,1829,0.5,Y,15,,2,,YES,7,729,N,1267,2080,12,Y
661,1065,0.5,Y,14,,2,,YES,2,188,N,928,3078,18,Y
662,1698,2.5,Y,26,,2,,YES,18,485,N,1819,1656,17,Y
663,899,2.7,Y,53,,2,,YES,11,641,N,1638,2870,10,Y
664,1558,2.4,Y,27,,3,,YES,1,120,N,1409,3598,12,Y
665,894,0.9,Y,54,,2,,YES,,104,N,541,2829,13,Y
666,1382,0.5,Y,13,,1,,YES,,612,N,719,2073,9,Y
667,922,0.7,Y,47,,1,,YES,,1295,N,1808,1464,12,Y
668,892,0.5,Y,47,,1,,YES,,655,N,1782,1241,9,Y
669,1963,1,Y,34,,1,,YES,,1136,N,1813,714,2,Y
670,536,1.4,Y,,,0,,YES,,547,N,705,1211,7,Y
671,551,2.8,Y,,,0,,YES,,169,N,1916,1414,19,Y
672,1727,2.1,Y,,,3,,YES,,1463,N,1992,2457,7,Y
673,623,0.9,Y,3,,3,,YES,,1749,N,1781,3537,3,Y
674,587,2.5,Y,51,,2,,YES,,244,N,1361,2746,7,Y
675,831,0.7,Y,62,,2,,YES,,1482,N,1490,2573,18,Y
676,727,1.5,Y,32,,1,,YES,,813,N,1377,1891,7,Y
677,696,2.4,Y,35,,1,,YES,,533,N,797,2022,4,Y
678,1097,0.8,Y,21,,2,,YES,,1277,N,1352,2219,12,Y
679,622,0.7,Y,9,,2,,YES,,98,N,511,3916,5,Y
680,1136,0.5,Y,9,,2,,YES,,1307,N,1767,2110,16,Y
681,1030,0.5,Y,37,,2,,YES,,503,N,551,2800,12,Y
682,989,0.7,Y,51,,1,,YES,,670,N,804,2349,20,Y
683,1451,0.5,Y,57,,3,,YES,,812,N,1456,3038,18,Y
684,1935,0.5,Y,29,,0,,YES,,806,N,860,455,6,Y
685,1039,0.6,Y,6,,2,,YES,,62,N,544,3212,7,Y
686,1433,2.3,Y,27,,3,,YES,,1619,N,1651,3900,2,Y
687,1020,1.5,Y,7,,1,,YES,,870,N,1613,1142,8,Y
688,1602,2.7,Y,46,,1,,YES,,273,N,1062,1862,2,Y
689,1278,1.2,Y,60,,3,,YES,,1244,N,1504,3142,19,Y
690,1365,0.6,Y,31,,0,,YES,,293,N,970,1300,13,Y
691,1426,0.8,Y,42,,1,,YES,,715,N,1163,1356,16,Y
692,1433,2.3,Y,5,,1,,YES,,420,N,784,2132,19,Y
693,1924,2.6,Y,59,,3,,YES,,1438,N,1923,3646,16,Y
694,950,0.5,Y,55,,0,,YES,,86,N,1681,1305,4,Y
695,1328,0.5,Y,27,,2,,YES,,602,N,1156,2674,5,Y
696,1392,2.5,Y,44,,1,,YES,,482,N,1098,1280,16,Y
697,1425,0.6,Y,33,,3,,YES,,396,N,1648,3771,9,Y
698,1576,2,Y,20,,1,,YES,,410,N,1551,1379,16,Y
699,520,2.3,Y,31,,1,,YES,,264,N,519,2753,17,Y
700,595,2.6,Y,20,,0,,YES,,623,N,816,1593,2,Y
701,1028,2.8,Y,30,,1,,YES,,1801,N,1923,1424,13,Y
702,1908,0.5,Y,30,,3,,YES,,140,N,1046,2944,17,Y
703,1280,1.3,Y,39,,1,,YES,,356,N,588,2335,2,Y
704,1872,0.5,Y,26,,2,,YES,,672,N,1088,2273,8,Y
705,1062,0.5,Y,39,,0,,YES,,571,N,817,1345,11,Y
706,1843,2.8,Y,62,,3,,YES,,21,N,832,3899,6,Y
707,1713,2,Y,5,,1,,YES,,108,N,1963,1513,2,Y
708,645,2.5,Y,63,,2,,YES,,278,N,584,3615,13,Y
709,1379,1.5,Y,9,,1,,YES,,98,N,755,1693,18,Y
710,614,0.7,Y,51,,2,,YES,,1012,N,1040,2854,12,Y
711,673,1.9,Y,35,,3,,YES,,1096,N,1570,3541,4,Y
712,1890,1.1,Y,48,,3,,YES,5,1438,N,1832,2392,15,Y
713,1934,2.7,Y,2,,2,,YES,16,242,N,1127,2190,9,Y
714,926,0.8,Y,59,,0,,YES,14,84,N,793,256,2,Y
715,1261,0.5,Y,52,,1,,YES,9,605,N,1429,1365,16,Y
716,1944,0.5,Y,26,,2,,YES,9,313,N,712,2322,7,Y
717,1811,2,Y,22,,2,,YES,8,358,N,614,2847,4,Y
718,1514,1.4,Y,12,,0,,YES,4,306,N,538,1037,15,Y
719,958,1.6,Y,60,,0,,YES,12,730,N,751,1417,19,Y
720,1110,1.5,Y,41,,2,,YES,16,800,N,1455,2572,16,Y
721,1792,1,Y,62,,3,,YES,8,1626,N,1913,2563,15,Y
722,1077,2.5,Y,49,,3,,YES,14,334,N,1079,3454,2,Y
723,1720,1.6,Y,2,,2,,YES,20,334,N,896,2522,2,Y
724,1544,2.4,Y,12,,0,,YES,20,470,N,844,489,2,Y
725,1090,2.3,Y,8,,3,,YES,8,1217,N,1670,3839,11,Y
726,1318,2.4,Y,45,,0,,YES,7,183,N,661,755,9,Y
727,732,1.3,Y,32,,3,,YES,7,1661,N,1836,3883,5,Y
728,509,0.6,Y,9,,0,,NO,15,1137,N,1224,513,12,Y
729,1602,2.8,Y,38,,0,,NO,20,466,N,788,1037,20,Y
730,503,1.2,Y,8,,1,,NO,13,201,N,1245,,12,Y
731,1821,1.2,Y,44,,1,,NO,14,1208,S,1212,1411,15,Y
732,956,0.5,Y,41,,3,,NO,6,511,S,1075,,12,Y
733,1646,2.3,Y,41,,3,,NO,10,1725,S,1932,3339,19,Y
734,1656,1,Y,34,,1,,NO,7,880,S,1456,1629,14,Y
735,1195,2.8,Y,20,,0,,NO,14,1580,S,1652,504,12,Y
736,1358,0.5,Y,36,,3,,NO,14,1565,S,1858,3068,4,Y
737,1114,2.8,Y,9,,0,,NO,15,1040,S,1071,907,17,Y
738,1355,2.3,Y,23,,0,,NO,16,651,S,891,880,8,Y
739,1084,2.6,Y,40,,1,,NO,11,322,S,771,1945,10,Y
740,1571,1.4,Y,19,,0,,NO,1,713,S,1398,666,13,Y
741,1678,2.1,Y,64,,0,,NO,11,436,S,536,278,10,Y
742,1485,1,Y,32,,2,,NO,9,510,S,1013,2147,11,Y
743,1854,3,Y,8,,1,,NO,5,506,S,627,1886,20,Y
744,1905,0.5,Y,6,,1,,NO,5,849,S,898,1545,10,Y
745,1526,2.1,Y,23,,2,,NO,8,718,S,751,2227,3,Y
746,1827,1.7,Y,39,,2,,NO,16,55,S,1020,2844,10,Y
747,528,1.7,Y,6,,2,,NO,15,574,S,637,3256,6,Y
748,1523,1.8,Y,11,,0,,NO,8,148,S,1606,707,19,Y
749,1273,1,Y,48,,1,,NO,15,490,S,886,1767,11,Y
750,1876,0.5,Y,40,,3,,NO,14,546,S,1564,2513,16,Y
751,1066,0.6,Y,7,,0,,NO,18,1242,S,1571,468,6,Y
752,1563,2.4,Y,24,,3,,NO,0,142,S,1699,3660,5,Y
753,1956,2.2,Y,37,,1,,NO,2,185,S,776,1109,19,Y
754,645,1.2,Y,41,,0,,NO,17,741,S,1130,714,13,Y
755,1648,0.7,Y,64,,1,,NO,9,1153,S,1876,610,6,Y
756,668,2.3,Y,48,,0,,NO,19,195,S,1292,1201,4,Y
757,1391,1.4,Y,36,,2,,NO,6,14,S,1256,3139,14,Y
758,1610,2.9,Y,64,,1,,NO,12,1236,S,1280,941,9,Y
759,1483,2.1,Y,54,,1,,NO,2,531,S,758,1851,2,Y
760,853,2,Y,3,,3,,NO,16,674,S,740,3701,8,Y
761,1991,2.7,Y,64,,2,,NO,13,1058,S,1325,1733,8,Y
762,1289,0.9,Y,25,,0,,NO,12,765,S,899,1043,11,Y
763,1747,0.9,Y,48,,2,,NO,19,947,S,1131,2362,19,Y
764,513,0.5,Y,44,,0,,NO,12,619,S,867,1343,9,Y
765,765,2.9,Y,18,,0,,NO,0,6,S,793,1066,16,Y
766,932,0.5,Y,60,,0,,NO,2,268,S,1078,1459,19,Y
767,1588,0.5,Y,61,,3,,NO,13,1064,S,1594,3272,17,Y
768,1697,0.7,Y,34,,3,,NO,3,236,S,1264,3701,8,Y
769,687,1.3,Y,50,,3,,NO,20,584,S,1151,3416,8,Y
770,1076,2.6,Y,38,,0,,NO,8,129,S,915,891,9,Y
771,1544,2.3,Y,45,,1,,NO,20,236,S,857,1300,18,Y
772,1701,0.5,Y,46,,3,,NO,15,364,S,828,3717,10,Y
773,1395,2.8,Y,55,,3,,NO,1,782,S,1787,3373,16,Y
774,1975,1.5,Y,16,,2,,NO,11,80,S,655,2998,13,Y
775,1944,0.5,Y,36,,1,,NO,18,1060,S,1970,584,13,Y
776,946,2.1,Y,19,,1,,NO,0,159,S,630,2104,16,Y
777,1063,2.5,Y,31,,0,,NO,10,295,S,935,961,5,Y
778,1762,2.5,Y,15,,2,,NO,11,1103,S,1364,2183,11,Y
779,1926,1.1,Y,50,,3,,NO,17,371,S,1000,3809,17,Y
780,1623,1.2,Y,61,,2,,NO,12,1568,S,1832,1510,17,Y
781,1260,0.6,Y,13,,2,,NO,6,165,S,736,2710,8,Y
782,1694,0.6,Y,34,,2,,NO,7,377,S,549,2298,2,Y
783,535,1.5,Y,48,,0,,NO,4,290,S,811,740,18,Y
784,1591,2.2,Y,49,,3,,NO,7,1384,S,1883,3703,20,Y
785,1640,0.7,Y,21,,0,,NO,14,589,S,1301,337,5,Y
786,984,0.5,Y,42,,0,,NO,17,1036,S,1611,898,13,Y
787,1159,2.8,Y,18,,1,,NO,7,681,S,723,2246,3,Y
788,733,2.1,Y,7,,0,,NO,10,445,S,1409,1403,2,Y
789,1911,2,Y,64,,3,,NO,8,1795,S,1958,3872,11,Y
790,1760,1.9,Y,50,,2,,NO,2,273,S,1704,2549,4,Y
791,774,2.8,Y,55,,3,,NO,18,8,S,896,3916,12,Y
792,1442,2.2,Y,56,,2,,NO,3,1626,S,1668,1513,7,Y
793,1387,0.5,Y,61,,0,,NO,0,785,S,1151,629,11,Y
794,1286,2.3,Y,16,,0,,NO,18,18,S,662,424,4,Y
795,840,0.6,Y,63,,3,,NO,19,987,S,1081,3486,18,Y
796,1413,0.6,Y,13,,0,,NO,0,1323,S,1481,515,18,Y
797,1187,2.3,Y,21,,2,,NO,6,215,S,1125,2547,5,Y
798,878,1.3,Y,31,,2,,NO,18,575,S,618,3497,11,Y
799,1181,2.3,Y,61,,1,,NO,16,385,S,831,2020,18,Y
800,1485,2.8,Y,44,,3,,NO,14,341,S,774,3271,8,Y
801,1061,2.1,Y,52,,0,,NO,4,138,S,1330,999,9,Y
802,832,1.1,Y,46,,3,,NO,0,820,S,1366,3317,19,Y
803,1631,0.5,Y,13,,2,,NO,16,960,S,1735,2173,8,Y
804,633,1.4,Y,46,,1,,NO,10,709,S,1915,1401,11,Y
805,1330,0.9,Y,52,,3,,NO,12,462,S,1304,3269,8,Y
806,957,0.7,Y,4,,1,,NO,0,38,S,1682,1898,3,Y
807,980,0.5,Y,33,,2,,NO,0,1008,S,1758,2268,4,Y
808,1703,0.5,Y,23,,0,,NO,7,134,S,521,793,17,Y
809,1342,1,Y,31,,3,,NO,1,991,S,1638,2746,10,Y
810,1697,0.5,Y,60,,0,,NO,0,88,S,1046,441,11,Y
811,1268,2.9,Y,42,,0,,NO,17,360,S,912,931,20,Y
812,1880,0.5,Y,7,,3,,NO,1,890,S,1019,2968,3,Y
813,1895,0.5,Y,5,,1,,NO,11,725,S,1335,774,6,Y
814,864,2.5,Y,24,,3,,NO,15,1362,S,1378,3964,12,Y
815,1515,2.6,Y,56,,0,,NO,1,1438,S,1593,262,20,Y
816,1597,0.9,Y,4,,2,,NO,19,880,S,1145,2130,15,Y
817,534,2.5,Y,21,,2,,NO,9,347,S,1477,2706,18,Y
818,917,0.5,Y,31,,3,,NO,2,423,S,909,3424,13,Y
819,1370,1.4,Y,6,,3,,NO,8,1392,S,1783,3703,11,Y
820,584,1.8,Y,19,,0,,NO,0,1123,S,1622,465,4,Y
821,1325,0.5,Y,13,,3,,NO,8,1353,S,1915,3707,18,Y
822,951,0.5,Y,15,,0,,NO,17,854,S,935,1083,16,Y
823,1759,1.4,Y,15,,2,,NO,13,382,S,1163,2107,16,Y
824,1333,1.4,Y,59,,3,,NO,5,394,S,1301,3442,5,Y
825,915,2,Y,31,,0,,NO,20,875,S,1316,378,9,Y
826,1134,0.9,Y,13,,3,,NO,19,18,S,903,3632,19,Y
827,1201,0.5,Y,10,,0,,NO,5,1151,S,1723,726,3,Y
828,541,1,Y,10,,1,,NO,0,1836,S,1873,1019,15,Y
829,1254,2.3,Y,44,,2,,NO,10,204,S,1021,3011,12,Y
830,1834,2.1,Y,40,,3,,NO,11,0,S,1987,3692,16,Y
831,1472,3,Y,20,,0,,NO,6,443,S,892,797,11,Y
832,1868,0.5,Y,40,,0,,NO,17,576,S,884,298,17,Y
833,834,0.5,Y,27,,1,,NO,16,1421,S,1463,1591,20,Y
834,642,0.5,Y,38,,0,,NO,10,887,S,1775,435,2,Y
835,600,1.8,Y,6,,2,,NO,15,486,S,1032,3495,7,Y
836,1660,0.5,Y,15,,2,,NO,8,440,S,569,2424,9,Y
837,1772,1.6,Y,45,,1,,NO,18,837,S,1405,1146,17,Y
838,1494,2.4,Y,3,,1,,NO,17,944,S,1003,1208,17,Y
839,964,2,Y,22,,2,,NO,0,225,S,1234,2577,5,Y
840,1093,0.5,Y,31,,1,,NO,12,1310,S,1420,1646,6,Y
841,1057,2.7,Y,41,,1,,NO,10,397,S,891,2033,2,Y
842,841,0.5,Y,11,,0,,NO,14,125,S,675,957,11,Y
843,1194,2.3,Y,34,,0,,NO,12,494,S,509,313,19,Y
844,986,0.8,Y,28,,0,,NO,20,199,S,679,1149,18,Y
845,1768,2,Y,2,,3,,NO,2,1303,S,1814,3256,5,Y
846,1967,0.5,Y,46,,1,,NO,7,518,S,1374,1567,7,Y
847,916,0.5,Y,47,,1,,NO,1,1147,S,1393,1659,11,Y
848,1698,2.8,Y,7,,2,,NO,12,26,S,508,2992,17,Y
849,1248,2.4,Y,9,,2,,NO,8,71,S,1686,2454,13,Y
850,1564,1.4,Y,26,,3,,NO,16,117,S,1115,3742,13,Y
851,987,1.9,Y,52,,2,,NO,8,419,S,736,2757,15,Y
852,618,1.1,Y,45,,2,,NO,20,1175,S,1586,2339,10,Y
853,936,2.3,Y,57,,1,,NO,6,657,S,938,2049,5,Y
854,1329,1.7,Y,23,,1,,NO,6,380,S,682,2308,9,Y
855,1762,0.6,Y,26,,2,,NO,14,525,S,704,2661,4,Y
856,649,1.4,Y,,,0,,NO,12,344,S,1551,739,2,Y
857,1646,2.5,Y,,,0,,NO,5,211,S,1608,686,11,Y
858,1745,2.9,Y,,,1,,NO,0,426,S,1629,1308,2,Y
859,1799,1,Y,30,,0,,NO,9,617,S,1386,445,10,Y
860,695,1.2,Y,41,,1,,NO,8,789,S,1211,2282,17,Y
861,1122,0.5,Y,40,,1,,NO,14,675,S,1163,1456,20,Y
862,897,2,Y,2,,1,,NO,10,0,S,994,1958,7,Y
863,1600,0.5,Y,16,,2,,NO,16,1315,S,1710,2073,4,Y
864,1788,0.5,Y,6,,2,,NO,16,149,S,1022,2321,20,Y
865,618,1,Y,13,,0,,NO,15,591,S,724,1424,7,Y
866,1882,2,Y,44,,3,,NO,19,4,S,743,3579,20,Y
867,1520,2.2,Y,33,,3,,YES,18,151,S,1005,3826,13,Y
868,1319,0.9,Y,41,,1,,YES,18,85,S,1152,2227,3,Y
869,799,2.3,Y,63,,0,,YES,6,361,S,975,431,6,Y
870,1720,2,Y,55,,2,,YES,18,753,S,1353,2148,5,Y
871,1900,2.3,Y,18,,3,,YES,9,1055,S,1661,2871,13,Y
872,1379,1.1,Y,36,,3,,YES,7,538,S,1376,3426,17,Y
873,1564,2.3,Y,25,,1,,YES,17,1259,S,1965,1496,7,Y
874,1537,2.5,Y,43,,3,,YES,5,839,S,1131,3685,17,Y
875,843,0.5,Y,56,,1,,YES,17,140,S,800,2341,20,Y
876,1224,0.5,Y,6,,0,,YES,18,747,S,826,506,11,Y
877,1126,2.4,Y,10,,2,,YES,3,1223,S,1611,2050,12,Y
878,1523,2.4,Y,57,,3,,YES,6,247,S,539,3971,10,Y
879,1987,0.5,Y,53,,3,,YES,7,1052,S,1516,3117,8,Y
880,1336,0.9,Y,17,,1,,YES,9,55,S,583,1869,16,Y
881,660,0.5,Y,40,,0,,YES,10,262,S,1178,588,18,Y
882,1634,1.4,Y,17,,3,,YES,5,964,S,1677,3031,6,Y
883,633,2.2,Y,49,,2,,YES,1,529,S,1009,3560,16,Y
884,601,1.4,Y,4,,0,,YES,13,356,S,765,532,10,Y
885,1992,1.6,Y,57,,1,,YES,15,1552,S,1596,606,4,Y
886,1662,0.5,Y,61,,3,,YES,13,32,S,1509,3760,13,Y
887,1517,0.5,Y,48,,3,,YES,14,802,S,1489,2822,11,Y
888,1723,1,Y,7,,1,,YES,17,384,S,1361,1213,16,Y
889,1560,2.3,Y,22,,2,,YES,1,745,S,1364,1938,16,Y
890,576,2.8,Y,10,,2,,YES,7,513,S,1438,2938,5,Y
891,1864,1.4,Y,46,,2,,YES,12,168,S,981,2686,18,Y
892,1011,1.1,Y,36,,1,,YES,18,481,S,749,2261,16,Y
893,1375,1.1,Y,9,,3,,YES,19,475,S,726,3869,10,Y
894,1552,2.2,Y,13,,2,,YES,9,269,S,1026,2403,9,Y
895,1582,2.8,Y,44,,3,,YES,13,1486,S,1797,3890,10,Y
896,1197,1.3,Y,20,,1,,YES,7,649,S,1629,1797,4,Y
897,1277,3,Y,41,,0,,YES,3,902,S,1090,429,14,Y
898,1138,1.1,Y,48,,2,,YES,14,233,S,1777,2048,18,Y
899,1889,2.8,Y,31,,3,,YES,10,170,S,1106,3672,3,Y
900,1438,2.2,Y,32,,0,,YES,6,683,S,1663,869,9,Y
901,1039,1.3,Y,12,,1,,YES,0,1428,S,1827,1619,10,Y
902,1928,1.8,Y,19,,3,,YES,20,691,S,1580,3777,13,Y
903,1821,0.9,Y,12,,2,,YES,18,97,S,1803,2430,6,Y
904,577,2.4,Y,37,,0,,YES,20,1087,S,1450,814,19,Y
905,707,0.5,Y,16,,1,,YES,0,1027,S,1508,1853,12,Y
906,767,1.9,Y,19,,1,,YES,17,271,S,1000,2445,6,Y
907,641,1.1,Y,7,,2,,YES,3,417,S,759,3595,19,Y
908,1454,1.6,Y,21,,0,,YES,10,186,S,1100,719,10,Y
909,1512,0.5,Y,18,,3,,YES,17,1079,S,1897,3607,6,Y
910,704,2.7,Y,29,,0,,YES,10,1108,S,1509,1122,10,Y
911,1871,2,Y,20,,2,,YES,14,88,S,1682,2144,12,Y
912,1212,2.6,Y,46,,2,,YES,8,611,S,1715,2249,4,Y
913,1897,3,Y,21,,0,,YES,2,1311,S,1935,273,3,Y
914,914,0.5,Y,26,,0,,YES,0,706,S,721,1122,2,Y
915,1527,2.7,Y,60,,2,,YES,14,526,S,1116,2078,11,Y
916,705,0.5,Y,57,,1,,YES,9,1114,S,1374,1509,18,Y
917,545,0.5,Y,11,,0,,YES,1,381,S,1452,616,19,Y
918,558,2.8,Y,49,,0,,YES,4,997,S,1605,392,8,Y
919,1786,0.5,Y,58,,3,,YES,10,231,S,1671,2764,7,Y
920,1501,1.1,Y,2,,2,,YES,15,198,S,1056,2487,16,Y
921,1312,1.3,Y,10,,3,,YES,9,95,S,893,3941,13,Y
922,1593,1,Y,52,,1,,YES,0,761,S,1336,1354,13,Y
923,1965,0.5,Y,4,,3,,YES,9,977,S,1660,3535,,Y
924,966,2,Y,34,,3,,YES,10,214,S,1523,3534,,Y
925,767,0.8,Y,10,,2,,YES,12,517,S,1995,2317,,Y
926,1425,1.2,Y,35,,0,,YES,14,150,S,1897,590,,Y
927,1236,2.8,Y,32,,0,,YES,18,492,S,1403,942,,Y
928,1112,0.5,Y,12,,3,,YES,6,777,S,1119,3302,,Y
929,1254,1.7,Y,45,,1,,YES,3,1571,S,1956,606,,Y
930,862,2.3,Y,6,,3,,YES,14,829,S,1977,3458,,Y
931,1688,2.5,Y,21,,3,,YES,0,650,S,864,3984,,Y
932,594,0.8,Y,28,,2,,YES,3,1011,S,1263,3087,,Y
933,1221,0.5,Y,28,,3,,YES,7,1895,S,1976,2438,,Y
934,1099,0.5,Y,61,,1,,YES,20,393,S,1096,1699,,Y
935,1753,1.2,Y,12,,1,,YES,17,387,S,1595,1445,12,Y
936,1104,1.7,Y,60,,0,,YES,13,653,S,1413,1229,3,Y
937,1154,0.5,Y,14,,0,,YES,14,251,S,1801,587,4,Y
938,864,1.7,Y,35,,1,,YES,7,663,S,1805,1904,13,Y
939,643,1,Y,18,,1,,YES,12,442,S,1079,2648,18,Y
940,518,2.4,Y,62,,1,,YES,0,489,S,710,2514,7,Y
941,1741,0.5,Y,55,,2,,YES,3,719,S,755,2575,7,Y
942,1537,2.9,Y,46,,3,,YES,17,686,S,1305,2857,2,Y
943,1159,2.7,Y,28,,2,,YES,18,378,S,751,2495,9,Y
944,763,0.5,Y,51,,2,,YES,12,273,S,1278,2865,9,Y
945,709,1.9,Y,,,0,,YES,15,570,S,1422,467,5,Y
946,1314,2.2,Y,40,,3,,YES,1,328,S,1858,3033,17,Y
947,713,1.6,Y,2,,0,,YES,9,1211,S,1378,485,4,Y
948,514,1.6,Y,37,,3,,YES,9,956,S,1723,3392,5,Y
949,578,0.5,Y,62,,2,,YES,13,626,S,1134,2977,5,Y
950,1558,2.5,Y,32,,0,,YES,3,322,S,1385,878,17,Y
951,1221,2.3,Y,,,2,,YES,19,765,S,1899,2638,14,Y
952,1180,1.2,Y,50,,1,,YES,20,925,S,1252,1464,20,Y
953,609,0.5,Y,10,,1,,YES,6,113,S,1524,1905,18,Y
954,589,0.5,Y,,,0,,YES,4,759,S,1858,362,6,Y
955,1538,2.3,Y,13,,1,,YES,7,567,S,986,1494,12,Y
956,1965,0.5,Y,29,,3,,YES,13,584,S,676,2973,20,Y
957,1811,2.5,Y,5,,2,,YES,16,447,S,568,2700,8,Y
958,947,0.5,Y,51,,2,,YES,15,193,S,887,2915,6,Y
959,1321,1.3,Y,63,,1,,YES,9,817,S,941,1464,16,Y
960,539,1.5,Y,26,,3,,YES,8,1123,S,1709,3948,15,Y
961,1617,1.5,Y,63,,2,,YES,10,274,S,1079,2754,8,Y
962,1303,2.1,Y,10,,2,,YES,15,1335,S,1873,2219,15,Y
963,659,2.2,Y,24,,3,,YES,2,924,S,1877,3925,10,Y
964,1180,2.5,Y,,,0,,YES,1,168,S,540,348,19,Y
965,1249,0.5,Y,,,0,,YES,8,605,S,1193,531,13,Y
966,832,0.5,Y,,,1,,YES,8,343,S,1431,1666,,Y
967,776,1.7,Y,,,0,,YES,9,991,S,1803,,,Y
968,726,2.2,Y,,,0,,YES,20,323,S,978,1342,,Y
969,1650,2.3,Y,38,,0,,YES,1,773,S,881,324,,Y
970,1253,0.7,Y,34,,3,,YES,10,161,S,647,3518,,Y
971,586,0.6,Y,42,,1,,YES,,785,S,1118,1869,,Y
972,1254,1.2,Y,27,,0,,YES,,1288,S,1372,817,,Y
973,1793,2.7,Y,44,,3,,YES,,655,S,1459,2803,,Y
974,1086,2.7,Y,24,,3,,YES,,1874,S,1976,3930,,Y
975,855,0.5,Y,59,,1,,YES,,1028,S,1196,1875,,Y
976,1146,3,Y,57,,0,,YES,,73,S,583,291,,Y
977,695,0.5,Y,12,,2,,YES,,1649,S,1829,2855,,Y
978,742,0.5,Y,36,,0,,YES,,1161,S,1288,292,,Y
979,1044,1.8,Y,12,,1,,YES,,1230,S,1263,1794,,Y
980,581,0.6,Y,56,,0,,YES,,523,S,565,354,,Y
981,1230,1.6,Y,48,,2,,YES,,1960,S,1963,1622,,Y
982,1250,1.5,Y,20,,2,,YES,,11,S,1020,3314,,Y
983,537,2,Y,55,,1,,YES,,1041,S,1430,2029,,Y
984,680,2.4,Y,34,,3,,YES,,686,S,1418,3845,,Y
985,1692,2.1,Y,2,,3,,YES,,1899,S,1904,3779,,Y
986,1715,1.3,Y,12,,2,,YES,,1224,S,1676,1633,,Y
987,1660,0.6,Y,24,,2,,YES,,223,S,1777,2402,,Y
988,1278,1,Y,24,,3,,YES,,1352,S,1775,3141,,Y
989,983,1.8,Y,53,,1,,YES,,1001,S,1176,1389,8,Y
990,1991,2.8,Y,15,,1,,YES,,298,S,1037,1861,17,Y
991,1982,1.6,Y,,,1,,YES,20,287,S,593,1824,14,Y
992,1023,0.7,Y,,,3,,YES,8,367,S,1985,3155,7,Y
993,1512,0.9,Y,,,0,,YES,,336,S,670,869,19,Y
994,1021,0.5,Y,,,2,,NO,,905,S,1988,2631,7,Y
995,563,0.5,Y,41,,2,,NO,6,1263,S,1716,2603,9,Y
996,595,0.9,Y,23,,3,,NO,,441,S,810,3752,18,Y
997,1310,2.2,Y,51,,3,,NO,0,178,S,1919,,12,Y
998,1725,1.6,Y,6,,3,2,NO,,609,S,1307,3429,4,Y
999,1253,0.5,Y,5,,1,2,NO,19,685,S,714,1878,4,Y
1000,1654,1.5,Y,43,,3,2,NO,0,546,S,629,3112,10,Y
